<?xml version="1.0" encoding="UTF-8"?>
<project-private xmlns="http://www.netbeans.org/ns/project-private/1">
    <editor-bookmarks xmlns="http://www.netbeans.org/ns/editor-bookmarks/2" lastBookmarkId="0"/>
    <open-files xmlns="http://www.netbeans.org/ns/projectui-open-files/2">
        <group>
            <file>file:/C:/Users/Marlon%20Miranda/OneDrive/TCC/Programas/AgressiveRecomendation/src/Dominio/Item.java</file>
            <file>file:/C:/Users/Marlon%20Miranda/OneDrive/TCC/Programas/AgressiveRecomendation/src/Dominio/Controladora.java</file>
            <file>file:/C:/Users/Marlon%20Miranda/OneDrive/TCC/Programas/AgressiveRecomendation/src/Dominio/Usuario.java</file>
            <file>file:/C:/Users/Marlon%20Miranda/OneDrive/TCC/Programas/AgressiveRecomendation/src/Util/LeitorDeArquivos.java</file>
            <file>file:/C:/Users/Marlon%20Miranda/OneDrive/TCC/Programas/AgressiveRecomendation/src/Util/Impressora.java</file>
            <file>file:/C:/Users/Marlon%20Miranda/OneDrive/TCC/Programas/AgressiveRecomendation/src/Util/EscritorDeArquivos.java</file>
            <file>file:/C:/Users/Marlon%20Miranda/OneDrive/TCC/Programas/AgressiveRecomendation/src/Dominio/TfIdf.java</file>
            <file>file:/C:/Users/Marlon%20Miranda/OneDrive/TCC/Programas/AgressiveRecomendation/src/Util/TransformacoesEmTexto.java</file>
            <file>file:/C:/Users/Marlon%20Miranda/OneDrive/TCC/Programas/AgressiveRecomendation/src/Dominio/Hating.java</file>
            <file>file:/C:/Users/Marlon%20Miranda/OneDrive/TCC/Programas/AgressiveRecomendation/src/Dominio/PrecisaoRevocacao.java</file>
            <file>file:/C:/Users/Marlon%20Miranda/OneDrive/TCC/Programas/AgressiveRecomendation/src/Principal/AgressiveRecomendation.java</file>
            <file>file:/C:/Users/Marlon%20Miranda/OneDrive/TCC/Programas/AgressiveRecomendation/src/Dominio/Palavra.java</file>
            <file>file:/C:/Users/Marlon%20Miranda/OneDrive/TCC/Programas/AgressiveRecomendation/src/Calculadora/Calculos.java</file>
            <file>file:/C:/Users/Marlon%20Miranda/OneDrive/TCC/Programas/AgressiveRecomendation/src/Dominio/ModeloDeRecomendacao.java</file>
        </group>
    </open-files>
</project-private>
